{"train/tolerance": 0.05545850098133087, "_timestamp": 1742203592.3587701, "_runtime": 12.126465082168579, "_step": 8, "train/rmse": 132.38539123535156, "train/mae": 60.36469650268555, "total_iter": 2, "overall_time": 5.82123064994812, "metrics/mae": 60.36470002751619, "metrics/rmse": 132.3853910777845, "metrics/nmae": 0.010443719727943971, "metrics/nrmse": 0.022904046899270676, "metrics/smape": 12.23824040121645, "_wandb": {"runtime": 8}}