{"train/tolerance": 0.13918091356754303, "_timestamp": 1742203475.8736522, "_runtime": 43.376450300216675, "_step": 37, "train/rmse": 180.2300262451172, "train/mae": 80.99089813232422}